{"cameraMode":{"drawMode":0,"name":"Shaded","section":"Shading Mode"},"sceneLighting":true,"audioPlay":false,"sceneViewState":{"showFog":true,"showMaterialUpdate":false,"showSkybox":true,"showFlares":true,"showImageEffects":true,"showParticleSystems":true},"in2DMode":false,"pivot":{"x":0.034798696637153628,"y":1.1928510665893555,"z":-0.8263386487960815},"rotation":{"x":-0.07367076724767685,"y":-0.044267136603593829,"z":0.003270840970799327,"w":-0.9963015913963318},"size":1.0376911163330079,"orthographic":false}