{"cameraMode":{"drawMode":0,"name":"Shaded","section":"Shading Mode"},"sceneLighting":true,"audioPlay":false,"sceneViewState":{"showFog":true,"showMaterialUpdate":false,"showSkybox":true,"showFlares":true,"showImageEffects":true,"showParticleSystems":true},"in2DMode":false,"pivot":{"x":-0.4753079414367676,"y":1.571995496749878,"z":2.5512213706970217},"rotation":{"x":0.036817990243434909,"y":0.9627647995948792,"z":-0.17400911450386048,"w":0.20368099212646485},"size":2.2848126888275148,"orthographic":false}